input,output
What are the most profitable crops to grow in the Midwest?,"The most profitable crops to grow in the Midwest include corn, soybeans, and wheat, due to the region's fertile soil and moderate climate."
How can I improve crop yields using precision agriculture?,"Precision agriculture techniques such as GPS-guided planting, variable rate application, and soil moisture monitoring can improve crop yields by reducing waste and optimizing resource use."
What is the current market price of organic produce?,"The current market price of organic produce varies by region and type of produce, but on average, organic produce is priced 10-20% higher than conventional produce."
Can you recommend any agro-ecological practices for sustainable farming?,"Agro-ecological practices such as crop rotation, cover cropping, and integrated pest management can promote soil health, biodiversity, and ecosystem services while reducing synthetic inputs."
How do I optimize my farm's water usage and reduce waste?,"Optimizing water usage and reducing waste can be achieved through techniques such as drip irrigation, rainwater harvesting, and efficient irrigation scheduling, as well as using water-saving technologies like sensor-based irrigation controllers."
What are the key benefits of vertical farming for crop production?,"Vertical farming benefits include increased crop yields, reduced land use, improved crop quality, and year-round production, making it a viable option for urban areas and regions with limited land availability."
Can you provide information on the impact of climate change on agriculture?,"Climate change affects agriculture through increased temperatures, changing precipitation patterns, and increased frequency of extreme weather events, resulting in reduced crop yields, altered growing seasons, and increased pest and disease pressure."
How can I reduce my farm's carbon footprint and promote sustainability?,"Reducing carbon footprint and promoting sustainability can be achieved through practices such as adopting renewable energy sources, using electric or fuel-efficient equipment, implementing regenerative agriculture practices, and reducing synthetic fertilizer use."
What are the benefits of direct-to-consumer marketing for farmers?,"Direct-to-consumer marketing benefits farmers by providing higher prices, increased revenue, and improved customer relationships, as well as opportunities for value-added products and agritourism."
Can you explain the concept of regenerative agriculture and its benefits?,"Regenerative agriculture prioritizes soil health, biodiversity, and ecosystem services through practices like no-till or reduced-till farming, cover cropping, and integrating livestock grazing, leading to improved soil fertility, increased crop yields, and enhanced ecosystem resilience."
